{"items":[{"identifier":{"id":"56889539-4302-4a88-935a-a04744d8595b","displayName":"Employee Tag","type":"flow"},"archiveType":"explicit","definition":"flow-5688953","outboundDependencies":[{"target":{"id":"298e828a-d7b8-45cd-a84d-6c0e2033f953","displayName":"Employee Tag","type":"template"}},{"target":{"id":"1533b39b-d02c-3230-8fa4-db526e2767bd","displayName":"smtp","type":"connectorType"}},{"target":{"id":"be009167-8a27-380b-8e49-cdb2beb86e80","displayName":"DocuSign","type":"connectorType"}},{"target":{"id":"b942a9f0-08b3-407a-a7df-90cfcc91fd0e","displayName":"Employee Tag large","type":"template"}},{"target":{"id":"9cc0d15d-ad48-3402-b761-facaad6ac457","displayName":"Filesystem","type":"connectorType"}},{"target":{"id":"7fd1f58b-5787-491f-a1bb-9a8dce6498af","displayName":"Employee Tag Breadshop","type":"dataset"}},{"target":{"id":"57244f00-9f00-4d04-8f46-66977f96d8ec","displayName":"Admin Admin","type":"user"}}]},{"identifier":{"id":"298e828a-d7b8-45cd-a84d-6c0e2033f953","displayName":"Employee Tag","type":"template"},"archiveType":"explicit","definition":"template-298e828","contents":[{"id":"eee5a125-8b9d-4b70-a1fd-03924223588e","description":"update email","revision":14,"language":"c1873945-5c05-4ab4-ac7f-56e133766e33","definition":"template-eee5a12"},{"id":"bbfe54a1-00bb-4911-ab8f-3c25c9d9c444","description":"in person","parent":"eee5a125-8b9d-4b70-a1fd-03924223588e","revision":13,"language":"c1873945-5c05-4ab4-ac7f-56e133766e33","definition":"template-bbfe54a"},{"id":"5dccda4f-e1dc-4c40-bfc7-bd30fdcbb100","description":"copyright added","parent":"bbfe54a1-00bb-4911-ab8f-3c25c9d9c444","revision":12,"language":"c1873945-5c05-4ab4-ac7f-56e133766e33","definition":"template-5dccda4"},{"id":"8f586039-c84e-469c-92b4-1ad19b723f39","description":"use schema data set field fr condition","parent":"5dccda4f-e1dc-4c40-bfc7-bd30fdcbb100","revision":11,"language":"c1873945-5c05-4ab4-ac7f-56e133766e33","definition":"template-8f58603"},{"id":"14d47c47-3f2d-4628-a1c9-011da9ad3e32","description":"conditional signature","parent":"8f586039-c84e-469c-92b4-1ad19b723f39","revision":10,"language":"c1873945-5c05-4ab4-ac7f-56e133766e33","definition":"template-14d47c4"},{"id":"5df0decb-c3e2-4e00-ae54-b49a245cf48e","description":"rgr","parent":"14d47c47-3f2d-4628-a1c9-011da9ad3e32","revision":9,"language":"c1873945-5c05-4ab4-ac7f-56e133766e33","definition":"template-5df0dec"},{"id":"76c138f2-5543-4e3d-8d9d-030baf370320","description":"zeg","parent":"5df0decb-c3e2-4e00-ae54-b49a245cf48e","revision":8,"language":"c1873945-5c05-4ab4-ac7f-56e133766e33","definition":"template-76c138f"},{"id":"c781e3c1-8932-445d-966c-1bb485edf176","description":"er","parent":"76c138f2-5543-4e3d-8d9d-030baf370320","revision":7,"language":"c1873945-5c05-4ab4-ac7f-56e133766e33","definition":"template-c781e3c"},{"id":"7c82ffcb-94a6-4f0a-a08c-2316798344bf","description":"colors\r\n","parent":"c781e3c1-8932-445d-966c-1bb485edf176","revision":6,"language":"c1873945-5c05-4ab4-ac7f-56e133766e33","definition":"template-7c82ffc"},{"id":"df904dbd-30e8-422a-9c14-24852a586c37","description":"","parent":"7c82ffcb-94a6-4f0a-a08c-2316798344bf","revision":5,"language":"c1873945-5c05-4ab4-ac7f-56e133766e33","definition":"template-df904db"},{"id":"4c968804-acd8-4c1c-b40f-803205c9eb94","description":"email","parent":"df904dbd-30e8-422a-9c14-24852a586c37","revision":4,"language":"c1873945-5c05-4ab4-ac7f-56e133766e33","definition":"template-4c96880"},{"id":"696723d0-69cf-4c31-815b-e42da1e526af","description":"update","parent":"4c968804-acd8-4c1c-b40f-803205c9eb94","revision":3,"language":"c1873945-5c05-4ab4-ac7f-56e133766e33","definition":"template-696723d"},{"id":"47898bca-19d0-4d45-b8ac-aff0a59490ed","description":"","parent":"696723d0-69cf-4c31-815b-e42da1e526af","revision":2,"language":"c1873945-5c05-4ab4-ac7f-56e133766e33","definition":"template-47898bc"},{"id":"fb00662d-1882-45c5-9cdc-dbb097e3d9c2","description":"1st","parent":"47898bca-19d0-4d45-b8ac-aff0a59490ed","revision":1,"language":"c1873945-5c05-4ab4-ac7f-56e133766e33","definition":"template-fb00662"}],"outboundDependencies":[{"target":{"id":"7fd1f58b-5787-491f-a1bb-9a8dce6498af","displayName":"Employee Tag Breadshop","type":"dataset"}},{"target":{"id":"c1873945-5c05-4ab4-ac7f-56e133766e33","displayName":"English","type":"language"}},{"target":{"id":"57244f00-9f00-4d04-8f46-66977f96d8ec","displayName":"Admin Admin","type":"user"}}]},{"identifier":{"id":"b942a9f0-08b3-407a-a7df-90cfcc91fd0e","displayName":"Employee Tag large","type":"template"},"archiveType":"explicit","definition":"template-b942a9f","contents":[{"id":"a42291eb-e70c-40ab-99c8-2d426b13ffa1","description":"Redesign to centered table","revision":4,"language":"c1873945-5c05-4ab4-ac7f-56e133766e33","definition":"template-a42291e"},{"id":"37763313-991c-4ee3-af57-b76a174765af","description":"Center alignment","parent":"a42291eb-e70c-40ab-99c8-2d426b13ffa1","revision":3,"language":"c1873945-5c05-4ab4-ac7f-56e133766e33","definition":"template-3776331"},{"id":"3ce74d2c-c2e2-421d-a541-dffd068c24e5","description":"sdvdr","parent":"37763313-991c-4ee3-af57-b76a174765af","revision":2,"language":"c1873945-5c05-4ab4-ac7f-56e133766e33","definition":"template-3ce74d2"},{"id":"2abe9435-d485-4e30-8eb2-f5675b428b31","parent":"3ce74d2c-c2e2-421d-a541-dffd068c24e5","revision":1,"language":"c1873945-5c05-4ab4-ac7f-56e133766e33","definition":"template-2abe943"}],"outboundDependencies":[{"target":{"id":"7fd1f58b-5787-491f-a1bb-9a8dce6498af","displayName":"Employee Tag Breadshop","type":"dataset"}},{"target":{"id":"c1873945-5c05-4ab4-ac7f-56e133766e33","displayName":"English","type":"language"}},{"target":{"id":"57244f00-9f00-4d04-8f46-66977f96d8ec","displayName":"Admin Admin","type":"user"}}]},{"identifier":{"id":"7fd1f58b-5787-491f-a1bb-9a8dce6498af","displayName":"Employee Tag Breadshop","type":"dataset"},"archiveType":"explicit","definition":"dataset-7fd1f58","outboundDependencies":[{"target":{"id":"57244f00-9f00-4d04-8f46-66977f96d8ec","displayName":"Admin Admin","type":"user"}}],"inboundDependencies":[{"target":{"id":"a5976bf4-76da-4f59-a5a4-4fbb6ecbcae9","displayName":"john_dough","type":"data"}},{"target":{"id":"e4f9a832-24b0-4eec-a201-50ae1a459374","displayName":"jane_flour","type":"data"}}]},{"identifier":{"id":"c1873945-5c05-4ab4-ac7f-56e133766e33","displayName":"English","type":"language"},"archiveType":"explicit","definition":"language-c187394","outboundDependencies":[]},{"identifier":{"id":"a5976bf4-76da-4f59-a5a4-4fbb6ecbcae9","displayName":"john_dough","type":"data"},"archiveType":"dependency","definition":"data-a5976bf","contents":[{"id":"a5976bf4-76da-4f59-a5a4-4fbb6ecbcae9","definition":"data-a5976bf"}],"outboundDependencies":[{"target":{"id":"7fd1f58b-5787-491f-a1bb-9a8dce6498af","displayName":"Employee Tag Breadshop","type":"dataset"}},{"target":{"id":"57244f00-9f00-4d04-8f46-66977f96d8ec","displayName":"Admin Admin","type":"user"}}]},{"identifier":{"id":"e4f9a832-24b0-4eec-a201-50ae1a459374","displayName":"jane_flour","type":"data"},"archiveType":"dependency","definition":"data-e4f9a83","contents":[{"id":"e4f9a832-24b0-4eec-a201-50ae1a459374","definition":"data-e4f9a83"}],"outboundDependencies":[{"target":{"id":"7fd1f58b-5787-491f-a1bb-9a8dce6498af","displayName":"Employee Tag Breadshop","type":"dataset"}},{"target":{"id":"57244f00-9f00-4d04-8f46-66977f96d8ec","displayName":"Admin Admin","type":"user"}}]},{"identifier":{"id":"57244f00-9f00-4d04-8f46-66977f96d8ec","displayName":"Admin Admin","type":"user"},"archiveType":"dependency","definition":"user-57244f0","outboundDependencies":[]}],"general":{"createdAt":"2019-10-04T10:18:47.178Z","createdBy":{"id":"57244f00-9f00-4d04-8f46-66977f96d8ec","displayName":"admin","type":"user"},"purpose":"export","defaultConnectors":[{"identifier":{"id":"be009167-8a27-380b-8e49-cdb2beb86e80","displayName":"DocuSign","type":"connectorType"},"archiveType":"explicit","definition":"connectortype-be00916"},{"identifier":{"id":"9cc0d15d-ad48-3402-b761-facaad6ac457","displayName":"Filesystem","type":"connectorType"},"archiveType":"explicit","definition":"connectortype-9cc0d15"},{"identifier":{"id":"1533b39b-d02c-3230-8fa4-db526e2767bd","displayName":"smtp","type":"connectorType"},"archiveType":"explicit","definition":"connectortype-1533b39"}]}}