{"id":"1533b39b-d02c-3230-8fa4-db526e2767bd","displayName":"smtp","description":"Connect to an smtp server","javaType":"com.xperido.plugins.smtp.connector.SmtpConnectorType","readSchema":{"$schema":"http://json-schema.org/draft-04/schema#","title":"Smtp Model","type":"object","additionalProperties":false,"properties":{"host":{"type":"string","title":"Server"},"port":{"type":"integer","title":"Port"},"username":{"type":"string","title":"User"},"encryptionMethod":{"type":"string","enum":["None","SslTls","StartTls"],"description":"The way to encrypt the communication channel to the server","title":"Encryption method"},"sendFromName":{"type":"string","title":"Admin user name"},"sendFromAddress":{"type":"string","title":"Admin user email address"},"sendTo":{"type":"string","title":"Send to"},"useProxy":{"type":"boolean","default":true,"title":"Use proxy"}},"required":["host","sendFromAddress"]},"writeSchema":{"$schema":"http://json-schema.org/draft-04/schema#","title":"Smtp Model","type":"object","additionalProperties":false,"properties":{"host":{"type":"string","title":"Server"},"port":{"type":"integer","title":"Port"},"username":{"type":"string","title":"User"},"password":{"type":"string","title":"Password"},"encryptionMethod":{"type":"string","enum":["None","SslTls","StartTls"],"description":"The way to encrypt the communication channel to the server","title":"Encryption method"},"sendFromName":{"type":"string","title":"Admin user name"},"sendFromAddress":{"type":"string","title":"Admin user email address"},"sendTo":{"type":"string","title":"Send to"},"useProxy":{"type":"boolean","default":true,"title":"Use proxy"}},"required":["host","sendFromAddress"]},"supportsLogin":false,"resourceFetch":{"isSupported":false}}