{"id":"e4f9a832-24b0-4eec-a201-50ae1a459374","displayName":"jane_flour","description":"","createdAt":"2019-09-20T08:01:40.307Z","createdBy":{"id":"57244f00-9f00-4d04-8f46-66977f96d8ec","displayName":"Admin Admin"},"modifiedAt":"2019-09-20T08:01:40.307Z","modifiedBy":{"id":"57244f00-9f00-4d04-8f46-66977f96d8ec","displayName":"Admin Admin"},"dataset":{"id":"7fd1f58b-5787-491f-a1bb-9a8dce6498af","displayName":"Employee Tag Breadshop"},"type":"value","dataAvailable":true,"usage":"userCreated","contentType":"application/xml"}