{"id":"b942a9f0-08b3-407a-a7df-90cfcc91fd0e","displayName":"Employee Tag large","description":"","createdAt":"2019-09-20T09:21:05.523Z","createdBy":{"id":"57244f00-9f00-4d04-8f46-66977f96d8ec","displayName":"Admin Admin"},"modifiedAt":"2019-10-04T09:49:40.510Z","modifiedBy":{"id":"57244f00-9f00-4d04-8f46-66977f96d8ec","displayName":"Admin Admin"},"datasets":[{"id":"7fd1f58b-5787-491f-a1bb-9a8dce6498af","displayName":"Employee Tag Breadshop","type":"schema","primaryEntities":["EmployeeTag"]}],"type":"standard","tagGroups":[],"standardContent":{"supportedLanguages":["en"]},"portalContent":{"templates":[]}}