{"id":"57244f00-9f00-4d04-8f46-66977f96d8ec","userName":"admin","displayName":"Admin Admin","firstName":"Admin","lastName":"Admin","description":"Admin user","emailAddress":"mvandevelde@xpertdoc.com","createdAt":"2019-04-30T10:22:14.193Z","createdBy":{"id":"603830bc-6e73-4aa8-a1e4-f5c6aab43b17","displayName":"System System"},"modifiedAt":"2019-10-04T10:18:07.733Z","modifiedBy":{"id":"57244f00-9f00-4d04-8f46-66977f96d8ec","displayName":"Admin Admin"},"lastLogin":"2019-10-04T08:48:06.577Z","loginCount":41,"active":true,"identity":{"type":"native"},"settings":{"language":{"code":"en","displayName":"English"},"timeFormat":"HH:mm","dateFormat":"YYYY/MM/DD","theme":{"displayName":"Classic","cssClass":""},"clientBackground":0,"noTooltips":false,"history":[{"id":"7e1f3653-5200-40ce-a444-7842494df9c2","displayName":"custom","link":["/datasets","7e1f3653-5200-40ce-a444-7842494df9c2"],"type":"dataset"},{"id":"57244f00-9f00-4d04-8f46-66977f96d8ec","displayName":"Admin Admin","link":["/admin/users","57244f00-9f00-4d04-8f46-66977f96d8ec"],"type":"user"},{"id":"22c706e3-d9aa-4755-828a-0e6db1b9ce7f","displayName":"kostuum","link":["/flows","22c706e3-d9aa-4755-828a-0e6db1b9ce7f"],"type":"flow"},{"id":"f4baede5-0b1f-40b4-b011-41893ab8f388","displayName":"Dynamics","link":["/admin/connectors","f4baede5-0b1f-40b4-b011-41893ab8f388"],"type":"connector"},{"id":"c0f3de87-6476-4cce-9c84-29d3310f826c","displayName":"Account template","link":["/flows","c0f3de87-6476-4cce-9c84-29d3310f826c"],"type":"flow"},{"id":"7fa1f6da-bb4e-4ad2-8bb2-b70868ae697d","displayName":"Account","link":["/datasets","7fa1f6da-bb4e-4ad2-8bb2-b70868ae697d"],"type":"dataset"},{"id":"98b64a5d-9904-4f67-a75e-03b405cba886","displayName":"Portal","link":["/admin/connectors","98b64a5d-9904-4f67-a75e-03b405cba886"],"type":"connector"},{"id":"778dd22c-50bd-37a1-9297-d6a253c709b7","displayName":"COLLECTIONS_CREDITCARDARREARS2_LETTER","link":["/templates","778dd22c-50bd-37a1-9297-d6a253c709b7"],"type":"template"},{"id":"a1110de9-489d-4de6-a6ba-403d94ad81c5","displayName":"Employee Tag output","link":["/datasets","a1110de9-489d-4de6-a6ba-403d94ad81c5"],"type":"dataset"},{"id":"7fd1f58b-5787-491f-a1bb-9a8dce6498af","displayName":"Employee Tag Breadshop","link":["/datasets","7fd1f58b-5787-491f-a1bb-9a8dce6498af"],"type":"dataset"},{"id":"298e828a-d7b8-45cd-a84d-6c0e2033f953","displayName":"Employee Tag","link":["/templates","298e828a-d7b8-45cd-a84d-6c0e2033f953"],"type":"template"},{"id":"b942a9f0-08b3-407a-a7df-90cfcc91fd0e","displayName":"Employee Tag large","link":["/templates","b942a9f0-08b3-407a-a7df-90cfcc91fd0e"],"type":"template"},{"id":"2c9d22f5-899a-4064-b115-9e3bebe5067a","displayName":"Employee Tag large","link":["/flows","2c9d22f5-899a-4064-b115-9e3bebe5067a"],"type":"flow"},{"id":"91dce8a2-1a71-4b5f-a92a-d85ddbb8e8ec","displayName":"gser","link":["/flows","91dce8a2-1a71-4b5f-a92a-d85ddbb8e8ec"],"type":"flow"},{"id":"56889539-4302-4a88-935a-a04744d8595b","displayName":"Employee Tag","link":["/flows","56889539-4302-4a88-935a-a04744d8595b"],"type":"flow"}]},"roles":[{"id":"6476fcc8-26ab-4860-913d-f063b0dec9b2","name":"ROLE_ADMIN","displayName":"Administrator","description":"Smart Flow Administrators can do everything on a project","permissions":["PRV_ASSET_DELETE","PRV_ASSET_DELETE_OWN","PRV_ASSET_READ","PRV_ASSET_WRITE","PRV_CONNECTOR_DELETE","PRV_CONNECTOR_READ","PRV_CONNECTOR_WRITE","PRV_DATA_DELETE","PRV_DATA_READ","PRV_DATA_READ_OWN","PRV_DATASET_DELETE","PRV_DATASET_DELETE_OWN","PRV_DATASET_READ","PRV_DATASET_WRITE","PRV_DATASOURCE_READ","PRV_DOCUMENT_DELETE","PRV_DOCUMENT_READ","PRV_DOCUMENT_READ_OWN","PRV_FLOW_DELETE","PRV_FLOW_DELETE_OWN","PRV_FLOW_EXECUTE","PRV_FLOW_EXECUTE_IMPERSONATE","PRV_FLOW_READ","PRV_FLOW_WRITE","PRV_FLOWEXECUTION_DELETE","PRV_FLOWEXECUTION_READ","PRV_FLOWEXECUTION_READ_OWN","PRV_LANGUAGE_DEF_READ","PRV_LANGUAGE_DELETE","PRV_LANGUAGE_READ","PRV_LANGUAGE_UPDATE","PRV_LANGUAGE_WRITE","PRV_PRINTER_DEF_READ","PRV_PRINTER_DELETE","PRV_PRINTER_READ","PRV_PRINTER_WRITE","PRV_ROLE_READ","PRV_SETTINGS_READ","PRV_SETTINGS_WRITE","PRV_TAG_DELETE","PRV_TAG_READ","PRV_TAG_WRITE","PRV_TEMPLATE_DELETE","PRV_TEMPLATE_DELETE_OWN","PRV_TEMPLATE_READ","PRV_TEMPLATE_WRITE","PRV_USER_DELETE","PRV_USER_READ","PRV_USER_READ_OWN","PRV_USER_WRITE","PRV_USER_WRITE_OWN"]}]}