{"id":"be009167-8a27-380b-8e49-cdb2beb86e80","displayName":"DocuSign","description":"Use DocuSign to digitally sign your documents","javaType":"com.xperido.plugins.docusign.connector.DocuSignConnectorType","readSchema":{"$schema":"http://json-schema.org/draft-04/schema#","title":"DocuSign model","type":"object","additionalProperties":false,"properties":{"stageString":{"type":"string","description":"The staging type to use when sending documents to DocuSign","title":"Stage"},"userId":{"type":"string","description":"","title":"User id"},"name":{"type":"string","description":"","title":"Name"},"email":{"type":"string","description":"","title":"E-mail"},"authMethod":{"type":"string","enum":["OAuth2","Native"],"description":"The way to authenticate with DocuSign","title":"Authentication method"}}},"writeSchema":{"$schema":"http://json-schema.org/draft-04/schema#","title":"DocuSign model","type":"object","additionalProperties":false,"properties":{"stage":{"type":"string","enum":["Demo","Production"],"description":"The staging type to use when sending documents to DocuSign","title":"Stage"},"responseParams":{"type":"string","description":"","title":"OAuth2 Redirect URL query parameters"},"tokens":{"$ref":"#/definitions/OAuthTokens"},"userId":{"type":"string","description":"","title":"User id"},"name":{"type":"string","description":"","title":"Name"},"email":{"type":"string","description":"","title":"E-mail"},"authMethod":{"type":"string","enum":["OAuth2","Native"],"description":"The way to authenticate with DocuSign","title":"Authentication method"}},"definitions":{"OAuthTokens":{"type":"object","additionalProperties":false,"properties":{}}}},"supportsLogin":false,"resourceFetch":{"isSupported":false}}