{"default":true,"id":"551fc9fc-69e7-4a11-8a37-dd043a0af309","displayName":"Filesystem","createdAt":"2019-09-20T08:46:03.877Z","createdBy":{"id":"57244f00-9f00-4d04-8f46-66977f96d8ec","displayName":"Admin Admin"},"modifiedAt":"2019-09-20T08:48:57.257Z","modifiedBy":{"id":"57244f00-9f00-4d04-8f46-66977f96d8ec","displayName":"Admin Admin"},"connectorType":{"id":"9cc0d15d-ad48-3402-b761-facaad6ac457","displayName":"Filesystem"},"active":true,"properties":{"id":"551fc9fc-69e7-4a11-8a37-dd043a0af309","step":"4","type":"Local","baseDir":"C:\\smartflows-multitenant\\public\\bread-shop","externalUrl":"https://tenant7.xperido.com/bread-shop"}}