{"id":"9cc0d15d-ad48-3402-b761-facaad6ac457","displayName":"Filesystem","description":"Connect to a filesystem, local or remote","javaType":"com.xperido.plugins.filesystem.connector.FilesystemConnectorType","readSchema":{"$schema":"http://json-schema.org/draft-04/schema#","title":"Filesystem Model","type":"object","additionalProperties":false,"properties":{"type":{"type":"string","enum":["Local","WebDAV","SMB","FTP","SFTP"],"title":"Type"},"baseDir":{"type":"string","title":"Base directory"},"host":{"type":"string","title":"Server"},"port":{"type":"integer","title":"Port"},"username":{"type":"string","title":"User"},"externalUrl":{"type":"string","format":"uri","title":"External URL"}},"required":["type","baseDir"]},"writeSchema":{"$schema":"http://json-schema.org/draft-04/schema#","title":"Filesystem Model","type":"object","additionalProperties":false,"properties":{"type":{"type":"string","enum":["Local","WebDAV","SMB","FTP","SFTP"],"title":"Type"},"baseDir":{"type":"string","title":"Base directory"},"host":{"type":"string","title":"Server"},"port":{"type":"integer","title":"Port"},"username":{"type":"string","title":"User"},"password":{"type":"string","title":"Password"},"externalUrl":{"type":"string","format":"uri","title":"External URL"}},"required":["type","baseDir"]},"supportsLogin":false,"resourceFetch":{"isSupported":false}}