{"default":true,"id":"d92ef1b7-69b8-47af-bfe1-b711a88e21ae","displayName":"Smtp","createdAt":"2019-09-20T08:26:57.070Z","createdBy":{"id":"57244f00-9f00-4d04-8f46-66977f96d8ec","displayName":"Admin Admin"},"modifiedAt":"2019-09-20T08:34:41.937Z","modifiedBy":{"id":"57244f00-9f00-4d04-8f46-66977f96d8ec","displayName":"Admin Admin"},"connectorType":{"id":"1533b39b-d02c-3230-8fa4-db526e2767bd","displayName":"smtp"},"active":true,"properties":{"id":"d92ef1b7-69b8-47af-bfe1-b711a88e21ae","step":"3","host":"smtp.gmail.com","port":465,"username":"johndough.thebreadshop@gmail.com","password":"BK6orXSzXeumO0vOdHX4","encryptionMethod":"SslTls","sendFromName":"John Dough","sendFromAddress":"johndough.thebreadshop@gmail.com","sendTo":"svanloon@xpertdoc.com","useProxy":true}}