{"id":"a5976bf4-76da-4f59-a5a4-4fbb6ecbcae9","displayName":"john_dough","description":"","createdAt":"2019-09-20T08:01:29.937Z","createdBy":{"id":"57244f00-9f00-4d04-8f46-66977f96d8ec","displayName":"Admin Admin"},"modifiedAt":"2019-09-20T08:16:50.597Z","modifiedBy":{"id":"57244f00-9f00-4d04-8f46-66977f96d8ec","displayName":"Admin Admin"},"dataset":{"id":"7fd1f58b-5787-491f-a1bb-9a8dce6498af","displayName":"Employee Tag Breadshop"},"type":"value","dataAvailable":true,"usage":"userCreated","contentType":"application/xml"}