{"id":"d9533761-516d-45b5-a83f-04e10567b206","displayName":"Employee Tag Custom","description":"","createdAt":"2019-09-20T08:51:22.737Z","createdBy":{"id":"57244f00-9f00-4d04-8f46-66977f96d8ec","displayName":"Admin Admin"},"modifiedAt":"2019-09-20T08:58:34.060Z","modifiedBy":{"id":"57244f00-9f00-4d04-8f46-66977f96d8ec","displayName":"Admin Admin"},"datasources":[],"tagGroups":[],"content":{"type":"custom","customContent":{"wrapperElementName":"employee_tag_custom","primaryEntity":"employee_tag_custom","fields":[{"boolean":{"default":true},"id":"d16caddf-3a9e-422b-a470-644aa0c7e84b","displayName":"Do you want to add a signature?","fieldName":"do_you_want_to_add_a_signature_question_","description":"","type":"boolean","required":false,"repeating":false}]}},"layout":[{"name":"employee_tag_custom","displayName":"Employee Tag Custom","fields":[{"name":"do_you_want_to_add_a_signature_question_","displayName":"Do you want to add a signature?"}],"lookups":[],"relationships":[]}],"purpose":["flowInput","templateDesign"],"readOnly":false}