{"id":"a1110de9-489d-4de6-a6ba-403d94ad81c5","displayName":"Employee Tag output","description":"","createdAt":"2019-09-20T08:21:28.797Z","createdBy":{"id":"57244f00-9f00-4d04-8f46-66977f96d8ec","displayName":"Admin Admin"},"modifiedAt":"2019-09-20T09:45:52.963Z","modifiedBy":{"id":"57244f00-9f00-4d04-8f46-66977f96d8ec","displayName":"Admin Admin"},"datasources":[],"tagGroups":[],"content":{"type":"custom","customContent":{"wrapperElementName":"employee_tag_output","primaryEntity":"employee_tag_output","fields":[{"id":"ae92cadb-8481-40f5-aa5a-89df308ae15a","displayName":"EmbedUrl","fieldName":"embedurl","description":"","type":"text","required":false,"repeating":false,"text":{}},{"id":"24ddff0b-59a2-4414-883b-14cd12463069","displayName":"DocumentId","fieldName":"documentid","description":"","type":"text","required":false,"repeating":false,"text":{}},{"id":"02eedaa0-71c0-42f5-a011-d5329f6cf32a","displayName":"SignedDocumentId","fieldName":"signeddocumentid","description":"","type":"text","required":false,"repeating":false,"text":{}}]}},"layout":[{"name":"employee_tag_output","displayName":"Employee Tag output","fields":[{"name":"embedurl","displayName":"EmbedUrl"},{"name":"documentid","displayName":"DocumentId"},{"name":"signeddocumentid","displayName":"SignedDocumentId"}],"lookups":[],"relationships":[]}],"purpose":["flowInput","templateDesign"],"readOnly":false}