{"id":"56889539-4302-4a88-935a-a04744d8595b","displayName":"Employee Tag","description":"","createdAt":"2019-09-20T08:19:21.987Z","createdBy":{"id":"57244f00-9f00-4d04-8f46-66977f96d8ec","displayName":"Admin Admin"},"modifiedAt":"2019-09-20T09:46:49.257Z","modifiedBy":{"id":"57244f00-9f00-4d04-8f46-66977f96d8ec","displayName":"Admin Admin"},"tagGroups":[{"group":{"id":"1ae5c5b1-742d-4f51-adaa-33295df61c8b","displayName":"Availability"},"tags":["Flyout"]}],"type":"simple","body":{"postProcessingSteps":[],"preZones":[],"genDocZone":{"id":"ab12ebe0-e2b3-4dec-9a19-b4efcb03d203","blocks":[{"id":"5d75c7c4-6dc5-4c01-83a9-80befc8f39f9","displayName":"Generate document","outputParameters":["document"],"step":{"stepId":"e8848859-f919-3fa0-b23f-82a04d51447a","parameters":{"template":{"value":{"id":"298e828a-d7b8-45cd-a84d-6c0e2033f953","displayName":"Employee Tag","type":"template"},"required":false,"userEditable":false,"extendable":false},"language":{"required":false,"userEditable":false,"extendable":false},"data":[{"variableValue":[{"displayName":"Data","blockId":"56889539-4302-4a88-935a-a04744d8595b","isVariable":true}],"required":false,"userEditable":false,"extendable":false}],"documentName":{"variableValue":[{"value":"employee-tag-","isVariable":false},{"blockId":"56889539-4302-4a88-935a-a04744d8595b","parameter":"data","dataPath":"EmployeeTag/Surname","displayName":"Surname","isVariable":true},{"value":"-","isVariable":false},{"blockId":"56889539-4302-4a88-935a-a04744d8595b","parameter":"data","dataPath":"EmployeeTag/Name","displayName":"Name","isVariable":true},{"value":"-","isVariable":false}],"required":false,"userEditable":false,"extendable":false},"dateFormat":{"value":"yyyyMMdd","required":false,"userEditable":false,"extendable":false},"timeFormat":{"value":"HHmmss","required":false,"userEditable":false,"extendable":false},"format":{"value":"Pdf","required":false,"userEditable":false,"extendable":false}}}}]},"postZones":[{"id":"a7951b75-2f25-4cf6-90f2-498004e02472","blocks":[{"id":"ab71cc6f-f4b0-4131-a150-5ebfcab692ca","displayName":"Save to file","outputParameters":["fileName","externalUrl"],"step":{"stepId":"5cc1c97b-30a0-3552-a614-af0eea07ba5f","userSelectable":false,"userSelectableDefault":false,"parameters":{"document":{"variableValue":[{"blockId":"5d75c7c4-6dc5-4c01-83a9-80befc8f39f9","parameter":"document","isVariable":true,"displayName":"Generated document","outputId":"f7723dc8-445f-33ef-bc14-3fce8c0b2b68"}],"required":false,"userEditable":false,"extendable":false},"folder":{"value":"generated-documents","required":false,"userEditable":false,"extendable":false},"connector":{"required":false,"userEditable":false,"extendable":false},"documentName":{"variableValue":[{"value":"","isVariable":false}],"required":false,"userEditable":false,"extendable":false},"timeFormat":{"required":false,"userEditable":false,"extendable":false},"dateFormat":{"required":false,"userEditable":false,"extendable":false}}}}]},{"id":"5112b14c-9fe1-4716-9b8d-8000af9287b0","blocks":[{"id":"3c5ca0b1-92e1-454f-8a3c-f6f2a77b5a12","displayName":"Condition","outputParameters":[],"condition":{"conditions":{"type":"and","nodes":[{"id":"c3bf17e8-f6d5-44df-9d7f-0ab52fff34c1","condition":{"description":"Include signature","type":"checkValue","checkValue":{"value":{"displayName":"IncludeSignature","type":"flowVariable","flowVariable":{"blockId":"56889539-4302-4a88-935a-a04744d8595b","parameter":"data","dataPath":"EmployeeTag/IncludeSignature"}},"settingsType":"boolean","settings":{"boolean":{"operator":"isTrue"}}}}}]},"bodyIfTrue":[{"id":"b29f0306-67ad-4699-ad9a-da622c7405d6","blocks":[{"id":"31d72116-c738-4295-bc6a-f5d6e0963da3","displayName":"Send to DocuSign","outputParameters":["signedDocument","urlsToEmbed"],"step":{"stepId":"a9d3bf9b-5564-36e1-8786-fa6cb2cceb8d","userSelectable":false,"userSelectableDefault":false,"parameters":{"document":{"variableValue":[{"blockId":"5d75c7c4-6dc5-4c01-83a9-80befc8f39f9","parameter":"document","isVariable":true,"displayName":"Generated document","outputId":"f7723dc8-445f-33ef-bc14-3fce8c0b2b68"}],"required":false,"userEditable":false,"extendable":false},"connector":{"required":false,"userEditable":false,"extendable":false},"emailSubject":{"value":"Please sign your employee tag","required":false,"userEditable":false,"extendable":false},"emailBlurb":{"required":false,"userEditable":false,"extendable":false},"documentName":{"required":false,"userEditable":false,"extendable":false},"brandId":{"required":false,"userEditable":false,"extendable":false},"waitForSigning":true,"retrieveUrlsToEmbed":true,"retrieveUrlsToEmbedAllSigners":true}}}]},{"id":"8d4d2356-f01f-4b6e-99fd-90452196440f","blocks":[{"id":"7d844ba9-c496-41c9-99aa-b22030b782e0","displayName":"Save signed document","outputParameters":[],"step":{"stepId":"5cc1c97b-30a0-3552-a614-af0eea07ba5f","userSelectable":false,"userSelectableDefault":false,"parameters":{"document":{"variableValue":[{"blockId":"31d72116-c738-4295-bc6a-f5d6e0963da3","parameter":"signedDocument","isVariable":true,"displayName":"Signed document","outputId":"3d2f2458-5906-3fa3-a7ea-08be972b779a"}],"required":false,"userEditable":false,"extendable":false},"folder":{"required":false,"userEditable":false,"extendable":false},"connector":{"required":false,"userEditable":false,"extendable":false},"documentName":{"required":false,"userEditable":false,"extendable":false},"timeFormat":{"required":false,"userEditable":false,"extendable":false},"dateFormat":{"required":false,"userEditable":false,"extendable":false}}}}]},{"id":"282efccb-4054-41de-8ed1-77ffac0b091f","blocks":[{"id":"711f5569-e41e-4f48-832a-5f9b5e7eaa43","displayName":"E-mail signed document","outputParameters":[],"step":{"stepId":"789c0c02-6708-3ba4-8619-99b42ff97dff","userSelectable":false,"userSelectableDefault":false,"parameters":{"connector":{"required":false,"userEditable":false,"extendable":false},"subject":{"value":"Your employee tag (signed)","required":false,"userEditable":false,"extendable":false},"bodyPlainText":{"required":false,"userEditable":false,"extendable":false},"bodyHtmlText":{"required":false,"userEditable":false,"extendable":false},"bodyDocument":{"required":false,"userEditable":false,"extendable":false},"bodyTemplate":{"required":false,"userEditable":false,"extendable":false},"senderDisplayName":{"required":false,"userEditable":false,"extendable":false},"senderAddress":{"required":false,"userEditable":false,"extendable":false},"replyTo":{"required":false,"userEditable":false,"extendable":false},"bccAddresses":[{"value":"johndough.thebreadshop@gmail.com","required":false,"userEditable":false,"extendable":false}],"toAddress":[{"variableValue":[{"value":"","isVariable":false},{"blockId":"56889539-4302-4a88-935a-a04744d8595b","parameter":"data","dataPath":"EmployeeTag/Email","displayName":"Email","isVariable":true},{"value":"","isVariable":false}],"required":false,"userEditable":false,"extendable":false}],"documentAttachment":[{"variableValue":[{"blockId":"31d72116-c738-4295-bc6a-f5d6e0963da3","parameter":"signedDocument","displayName":"Signed document","isVariable":true,"outputId":"3d2f2458-5906-3fa3-a7ea-08be972b779a"}],"required":false,"userEditable":false,"extendable":false}]}}}]}],"bodyIfFalse":[{"id":"03c9ec90-91e7-409c-ad5b-95d24acd00bc","blocks":[{"id":"cf899fb7-c349-4401-a6db-76d384d17291","displayName":"E-mail document","outputParameters":[],"step":{"stepId":"789c0c02-6708-3ba4-8619-99b42ff97dff","userSelectable":false,"userSelectableDefault":false,"parameters":{"connector":{"required":false,"userEditable":false,"extendable":false},"subject":{"value":"Your employee tag","required":false,"userEditable":false,"extendable":false},"bodyPlainText":{"required":false,"userEditable":false,"extendable":false},"bodyHtmlText":{"required":false,"userEditable":false,"extendable":false},"bodyDocument":{"required":false,"userEditable":false,"extendable":false},"bodyTemplate":{"required":false,"userEditable":false,"extendable":false},"senderDisplayName":{"required":false,"userEditable":false,"extendable":false},"senderAddress":{"required":false,"userEditable":false,"extendable":false},"replyTo":{"required":false,"userEditable":false,"extendable":false},"toAddress":[{"variableValue":[{"value":"","isVariable":false},{"blockId":"56889539-4302-4a88-935a-a04744d8595b","parameter":"data","dataPath":"EmployeeTag/Email","displayName":"Email","isVariable":true},{"value":"","isVariable":false}],"required":false,"userEditable":false,"extendable":false}],"documentAttachment":[{"variableValue":[{"blockId":"5d75c7c4-6dc5-4c01-83a9-80befc8f39f9","parameter":"document","displayName":"Generated document","isVariable":true,"outputId":"f7723dc8-445f-33ef-bc14-3fce8c0b2b68"}],"required":false,"userEditable":false,"extendable":false}]}}}]}]}}]}]},"input":{"id":"56889539-4302-4a88-935a-a04744d8595b","displayName":"Another program","type":"user","dataset":{"id":"7fd1f58b-5787-491f-a1bb-9a8dce6498af","displayName":"Employee Tag Breadshop"}},"primaryEntity":"EmployeeTag","primaryTemplate":{"id":"298e828a-d7b8-45cd-a84d-6c0e2033f953","displayName":"Employee Tag"},"outputs":[{"id":"dae1229b-cab9-446d-8b09-12090d67c2f3","displayName":"output","description":"","type":"user","dataset":{"id":"a1110de9-489d-4de6-a6ba-403d94ad81c5","displayName":"Employee Tag output","type":"dataset"},"fieldMap":{"fields":[{"fieldPath":"employee_tag_output/embedurl","value":[{"value":"","isVariable":false},{"isVariable":true,"displayName":"Embed URLs","blockId":"31d72116-c738-4295-bc6a-f5d6e0963da3","outputId":"3d2f2458-5906-3fa3-a7ea-08be972b779a","parameter":"urlsToEmbed"},{"value":"","isVariable":false}]},{"fieldPath":"employee_tag_output/documentid","value":[{"value":"","isVariable":false},{"isVariable":true,"displayName":"Generated document","blockId":"5d75c7c4-6dc5-4c01-83a9-80befc8f39f9","outputId":"f7723dc8-445f-33ef-bc14-3fce8c0b2b68","parameter":"document"},{"value":"","isVariable":false}]},{"fieldPath":"employee_tag_output/signeddocumentid","value":[{"value":"","isVariable":false},{"isVariable":true,"displayName":"Signed document","blockId":"31d72116-c738-4295-bc6a-f5d6e0963da3","outputId":"3d2f2458-5906-3fa3-a7ea-08be972b779a","parameter":"signedDocument"},{"value":"","isVariable":false}]}]}}],"settings":{}}