{"id":"298e828a-d7b8-45cd-a84d-6c0e2033f953","displayName":"Employee Tag","description":"","createdAt":"2019-09-20T08:02:40.607Z","createdBy":{"id":"57244f00-9f00-4d04-8f46-66977f96d8ec","displayName":"Admin Admin"},"modifiedAt":"2019-09-20T09:25:50.713Z","modifiedBy":{"id":"57244f00-9f00-4d04-8f46-66977f96d8ec","displayName":"Admin Admin"},"datasets":[{"id":"7fd1f58b-5787-491f-a1bb-9a8dce6498af","displayName":"Employee Tag Breadshop","type":"schema","primaryEntities":["EmployeeTag"]}],"type":"standard","tagGroups":[],"standardContent":{"supportedLanguages":["en"]},"portalContent":{"templates":[]}}