{"id":"fa59f5b2-3730-4a86-b918-c3a89d608003","userName":"kellyk@CRM069263.OnMicrosoft.com","displayName":"Kelly Krout","firstName":"Kelly","lastName":"Krout","emailAddress":"kellyk@CRM069263.OnMicrosoft.com","createdAt":"2019-06-27T12:38:08.750Z","createdBy":{"id":"57244f00-9f00-4d04-8f46-66977f96d8ec","displayName":"Admin Admin"},"modifiedAt":"2019-06-28T09:10:42.593Z","modifiedBy":{"id":"57244f00-9f00-4d04-8f46-66977f96d8ec","displayName":"Admin Admin"},"loginCount":0,"active":false,"identity":{"type":"external"},"settings":{},"roles":[]}