{"id":"51b9d399-ca1a-4b09-82e0-6e37fcde9f15","userName":"Jan","displayName":"Jan Aelbrecht","firstName":"Jan","lastName":"Aelbrecht","emailAddress":"jan.aelbrecht@xperido.com","createdAt":"2019-09-20T09:37:18.507Z","createdBy":{"id":"57244f00-9f00-4d04-8f46-66977f96d8ec","displayName":"Admin Admin"},"modifiedAt":"2019-09-20T09:44:54.260Z","modifiedBy":{"id":"51b9d399-ca1a-4b09-82e0-6e37fcde9f15","displayName":"Jan Aelbrecht"},"lastLogin":"2019-09-20T09:42:30.853Z","loginCount":2,"active":true,"identity":{"type":"native"},"settings":{"history":[{"id":"56889539-4302-4a88-935a-a04744d8595b","displayName":"Employee Tag","link":["/flows","56889539-4302-4a88-935a-a04744d8595b"],"type":"flow"},{"id":"7fd1f58b-5787-491f-a1bb-9a8dce6498af","displayName":"Employee Tag Breadshop","link":["/datasets","7fd1f58b-5787-491f-a1bb-9a8dce6498af"],"type":"dataset"}]},"roles":[{"id":"6476fcc8-26ab-4860-913d-f063b0dec9b2","name":"ROLE_ADMIN","displayName":"Administrator","description":"Smart Flow Administrators can do everything on a project","permissions":["PRV_ASSET_DELETE","PRV_ASSET_DELETE_OWN","PRV_ASSET_READ","PRV_ASSET_WRITE","PRV_CONNECTOR_DELETE","PRV_CONNECTOR_READ","PRV_CONNECTOR_WRITE","PRV_DATA_DELETE","PRV_DATA_READ","PRV_DATA_READ_OWN","PRV_DATASET_DELETE","PRV_DATASET_DELETE_OWN","PRV_DATASET_READ","PRV_DATASET_WRITE","PRV_DATASOURCE_READ","PRV_DOCUMENT_DELETE","PRV_DOCUMENT_READ","PRV_DOCUMENT_READ_OWN","PRV_FLOW_DELETE","PRV_FLOW_DELETE_OWN","PRV_FLOW_EXECUTE","PRV_FLOW_EXECUTE_IMPERSONATE","PRV_FLOW_READ","PRV_FLOW_WRITE","PRV_FLOWEXECUTION_DELETE","PRV_FLOWEXECUTION_READ","PRV_FLOWEXECUTION_READ_OWN","PRV_LANGUAGE_DEF_READ","PRV_LANGUAGE_DELETE","PRV_LANGUAGE_READ","PRV_LANGUAGE_UPDATE","PRV_LANGUAGE_WRITE","PRV_PRINTER_DEF_READ","PRV_PRINTER_DELETE","PRV_PRINTER_READ","PRV_PRINTER_WRITE","PRV_ROLE_READ","PRV_SETTINGS_READ","PRV_SETTINGS_WRITE","PRV_TAG_DELETE","PRV_TAG_READ","PRV_TAG_WRITE","PRV_TEMPLATE_DELETE","PRV_TEMPLATE_DELETE_OWN","PRV_TEMPLATE_READ","PRV_TEMPLATE_WRITE","PRV_USER_DELETE","PRV_USER_READ","PRV_USER_READ_OWN","PRV_USER_WRITE","PRV_USER_WRITE_OWN"]}]}