{"id":"6c4bd8ba-1c7f-46d8-afd3-4b745067ef09","userName":"karenb@CRM069263.OnMicrosoft.com","displayName":"Karen Berg","firstName":"Karen","lastName":"Berg","emailAddress":"karenb@CRM069263.OnMicrosoft.com","createdAt":"2019-06-27T12:38:08.727Z","createdBy":{"id":"57244f00-9f00-4d04-8f46-66977f96d8ec","displayName":"Admin Admin"},"modifiedAt":"2019-06-28T09:10:42.593Z","modifiedBy":{"id":"57244f00-9f00-4d04-8f46-66977f96d8ec","displayName":"Admin Admin"},"loginCount":0,"active":false,"identity":{"type":"external"},"settings":{},"roles":[]}