{"id":"f4f4dbbe-008e-45c6-908c-3689e5271930","userName":"d365serviceuserF4F4DBBE-008E-45C6-908C-3689E5271930","displayName":"Microsoft Dynamics Service User","firstName":"Microsoft Dynamics","lastName":"Service User","createdAt":"2019-06-13T09:32:29.200Z","createdBy":{"id":"57244f00-9f00-4d04-8f46-66977f96d8ec","displayName":"Admin Admin"},"modifiedAt":"2019-06-13T09:32:29.200Z","modifiedBy":{"id":"57244f00-9f00-4d04-8f46-66977f96d8ec","displayName":"Admin Admin"},"lastLogin":"2019-07-26T12:53:01.970Z","loginCount":17,"active":true,"identity":{"type":"none"},"settings":{},"roles":[{"id":"c5fead7a-6ba6-4210-8b44-7d4615f77602","name":"ROLE_SUPER_USER","displayName":"Super User","description":"Super Users can run flows for others","permissions":["PRV_ASSET_READ","PRV_CONNECTOR_READ","PRV_DATA_READ_OWN","PRV_DATASET_READ","PRV_DATASOURCE_READ","PRV_DOCUMENT_READ_OWN","PRV_FLOW_EXECUTE","PRV_FLOW_EXECUTE_IMPERSONATE","PRV_FLOW_READ","PRV_FLOWEXECUTION_READ_OWN","PRV_LANGUAGE_READ","PRV_PRINTER_READ","PRV_ROLE_READ","PRV_SETTINGS_READ","PRV_TAG_READ","PRV_TEMPLATE_READ","PRV_USER_READ_OWN","PRV_USER_WRITE_OWN"]}]}