{"id":"b79cf6c2-7aa1-4eed-be4f-d558fe9298c6","userName":"svanloon","displayName":"Steven Van Loon","firstName":"Steven","lastName":"Van Loon","emailAddress":"svanloon@xpertdoc.com","createdAt":"2019-09-20T09:38:15.543Z","createdBy":{"id":"57244f00-9f00-4d04-8f46-66977f96d8ec","displayName":"Admin Admin"},"modifiedAt":"2019-09-20T09:38:15.543Z","modifiedBy":{"id":"57244f00-9f00-4d04-8f46-66977f96d8ec","displayName":"Admin Admin"},"loginCount":0,"active":true,"identity":{"type":"native"},"settings":{},"roles":[{"id":"6476fcc8-26ab-4860-913d-f063b0dec9b2","name":"ROLE_ADMIN","displayName":"Administrator","description":"Smart Flow Administrators can do everything on a project","permissions":["PRV_ASSET_DELETE","PRV_ASSET_DELETE_OWN","PRV_ASSET_READ","PRV_ASSET_WRITE","PRV_CONNECTOR_DELETE","PRV_CONNECTOR_READ","PRV_CONNECTOR_WRITE","PRV_DATA_DELETE","PRV_DATA_READ","PRV_DATA_READ_OWN","PRV_DATASET_DELETE","PRV_DATASET_DELETE_OWN","PRV_DATASET_READ","PRV_DATASET_WRITE","PRV_DATASOURCE_READ","PRV_DOCUMENT_DELETE","PRV_DOCUMENT_READ","PRV_DOCUMENT_READ_OWN","PRV_FLOW_DELETE","PRV_FLOW_DELETE_OWN","PRV_FLOW_EXECUTE","PRV_FLOW_EXECUTE_IMPERSONATE","PRV_FLOW_READ","PRV_FLOW_WRITE","PRV_FLOWEXECUTION_DELETE","PRV_FLOWEXECUTION_READ","PRV_FLOWEXECUTION_READ_OWN","PRV_LANGUAGE_DEF_READ","PRV_LANGUAGE_DELETE","PRV_LANGUAGE_READ","PRV_LANGUAGE_UPDATE","PRV_LANGUAGE_WRITE","PRV_PRINTER_DEF_READ","PRV_PRINTER_DELETE","PRV_PRINTER_READ","PRV_PRINTER_WRITE","PRV_ROLE_READ","PRV_SETTINGS_READ","PRV_SETTINGS_WRITE","PRV_TAG_DELETE","PRV_TAG_READ","PRV_TAG_WRITE","PRV_TEMPLATE_DELETE","PRV_TEMPLATE_DELETE_OWN","PRV_TEMPLATE_READ","PRV_TEMPLATE_WRITE","PRV_USER_DELETE","PRV_USER_READ","PRV_USER_READ_OWN","PRV_USER_WRITE","PRV_USER_WRITE_OWN"]}]}