{"id":"a582ff4c-5c5d-4389-acab-875a4b4fff79","userName":"sanjays@CRM069263.OnMicrosoft.com","displayName":"Sanjay Shah","firstName":"Sanjay","lastName":"Shah","emailAddress":"sanjays@CRM069263.OnMicrosoft.com","createdAt":"2019-06-27T12:38:08.743Z","createdBy":{"id":"57244f00-9f00-4d04-8f46-66977f96d8ec","displayName":"Admin Admin"},"modifiedAt":"2019-06-28T09:10:42.593Z","modifiedBy":{"id":"57244f00-9f00-4d04-8f46-66977f96d8ec","displayName":"Admin Admin"},"loginCount":0,"active":false,"identity":{"type":"external"},"settings":{},"roles":[]}