{"id":"07abbf7c-e4dc-40a6-9d60-c0f2ccb1f251","userName":"admin@CRM069263.onmicrosoft.com","displayName":"MOD Administrator","firstName":"MOD","lastName":"Administrator","emailAddress":"admin@CRM069263.OnMicrosoft.com","createdAt":"2019-06-27T12:38:08.063Z","createdBy":{"id":"57244f00-9f00-4d04-8f46-66977f96d8ec","displayName":"Admin Admin"},"modifiedAt":"2019-06-28T09:10:42.593Z","modifiedBy":{"id":"57244f00-9f00-4d04-8f46-66977f96d8ec","displayName":"Admin Admin"},"lastLogin":"2019-06-28T07:48:30.067Z","loginCount":9,"active":false,"identity":{"type":"external"},"settings":{},"roles":[]}