{"id":"9765c187-c81d-4fc5-91d8-a166ad23cbe7","userName":"juliani@CRM069263.OnMicrosoft.com","displayName":"Julian Isla","firstName":"Julian","lastName":"Isla","emailAddress":"juliani@CRM069263.OnMicrosoft.com","createdAt":"2019-06-27T12:38:08.757Z","createdBy":{"id":"57244f00-9f00-4d04-8f46-66977f96d8ec","displayName":"Admin Admin"},"modifiedAt":"2019-06-28T09:10:42.593Z","modifiedBy":{"id":"57244f00-9f00-4d04-8f46-66977f96d8ec","displayName":"Admin Admin"},"loginCount":0,"active":false,"identity":{"type":"external"},"settings":{},"roles":[]}