{"id":"9645a8f0-2cc0-47b5-b8f0-959f7d03ffaf","userName":"franz@CRM069263.onmicrosoft.com","displayName":"Franz C","firstName":"Franz","lastName":"C","emailAddress":"franz@CRM069263.onmicrosoft.com","createdAt":"2019-06-27T12:38:08.767Z","createdBy":{"id":"57244f00-9f00-4d04-8f46-66977f96d8ec","displayName":"Admin Admin"},"modifiedAt":"2019-06-28T09:10:42.593Z","modifiedBy":{"id":"57244f00-9f00-4d04-8f46-66977f96d8ec","displayName":"Admin Admin"},"loginCount":0,"active":false,"identity":{"type":"external"},"settings":{},"roles":[]}