{"id":"e484098b-dca2-45e5-aca2-9a3421c9ef0e","userName":"jan@CRM069263.onmicrosoft.com","displayName":"Jan Aelbrecht","firstName":"Jan","lastName":"Aelbrecht","emailAddress":"jan@CRM069263.onmicrosoft.com","createdAt":"2019-06-27T12:38:08.107Z","createdBy":{"id":"57244f00-9f00-4d04-8f46-66977f96d8ec","displayName":"Admin Admin"},"modifiedAt":"2019-06-28T09:10:42.593Z","modifiedBy":{"id":"57244f00-9f00-4d04-8f46-66977f96d8ec","displayName":"Admin Admin"},"loginCount":0,"active":false,"identity":{"type":"external"},"settings":{},"roles":[]}