{"id":"44d0db70-a6d2-4888-a643-53990575840f","userName":"williamc@CRM069263.OnMicrosoft.com","displayName":"William Contoso","firstName":"William","lastName":"Contoso","emailAddress":"williamc@CRM069263.OnMicrosoft.com","createdAt":"2019-06-27T12:38:08.737Z","createdBy":{"id":"57244f00-9f00-4d04-8f46-66977f96d8ec","displayName":"Admin Admin"},"modifiedAt":"2019-06-28T09:10:42.593Z","modifiedBy":{"id":"57244f00-9f00-4d04-8f46-66977f96d8ec","displayName":"Admin Admin"},"loginCount":0,"active":false,"identity":{"type":"external"},"settings":{},"roles":[]}