{"items":[{"identifier":{"id":"a5976bf4-76da-4f59-a5a4-4fbb6ecbcae9","displayName":"john_dough","type":"data"},"archiveType":"explicit","definition":"data-a5976bf","contents":[{"id":"a5976bf4-76da-4f59-a5a4-4fbb6ecbcae9","definition":"data-a5976bf"}],"outboundDependencies":[{"target":{"id":"7fd1f58b-5787-491f-a1bb-9a8dce6498af","displayName":"Employee Tag Breadshop","type":"dataset"}},{"target":{"id":"57244f00-9f00-4d04-8f46-66977f96d8ec","displayName":"Admin Admin","type":"user"}}]},{"identifier":{"id":"e4f9a832-24b0-4eec-a201-50ae1a459374","displayName":"jane_flour","type":"data"},"archiveType":"explicit","definition":"data-e4f9a83","contents":[{"id":"e4f9a832-24b0-4eec-a201-50ae1a459374","definition":"data-e4f9a83"}],"outboundDependencies":[{"target":{"id":"7fd1f58b-5787-491f-a1bb-9a8dce6498af","displayName":"Employee Tag Breadshop","type":"dataset"}},{"target":{"id":"57244f00-9f00-4d04-8f46-66977f96d8ec","displayName":"Admin Admin","type":"user"}}]},{"identifier":{"id":"7fd1f58b-5787-491f-a1bb-9a8dce6498af","displayName":"Employee Tag Breadshop","type":"dataset"},"archiveType":"explicit","definition":"dataset-7fd1f58","outboundDependencies":[{"target":{"id":"57244f00-9f00-4d04-8f46-66977f96d8ec","displayName":"Admin Admin","type":"user"}}]},{"identifier":{"id":"d9533761-516d-45b5-a83f-04e10567b206","displayName":"Employee Tag Custom","type":"dataset"},"archiveType":"explicit","definition":"dataset-d953376","outboundDependencies":[{"target":{"id":"57244f00-9f00-4d04-8f46-66977f96d8ec","displayName":"Admin Admin","type":"user"}}]},{"identifier":{"id":"a1110de9-489d-4de6-a6ba-403d94ad81c5","displayName":"Employee Tag output","type":"dataset"},"archiveType":"explicit","definition":"dataset-a1110de","outboundDependencies":[{"target":{"id":"57244f00-9f00-4d04-8f46-66977f96d8ec","displayName":"Admin Admin","type":"user"}}]},{"identifier":{"id":"56889539-4302-4a88-935a-a04744d8595b","displayName":"Employee Tag","type":"flow"},"archiveType":"explicit","definition":"flow-5688953","outboundDependencies":[{"target":{"id":"298e828a-d7b8-45cd-a84d-6c0e2033f953","displayName":"Employee Tag","type":"template"}},{"target":{"id":"9cc0d15d-ad48-3402-b761-facaad6ac457","displayName":"Filesystem","type":"connectorType"}},{"target":{"id":"be009167-8a27-380b-8e49-cdb2beb86e80","displayName":"DocuSign","type":"connectorType"}},{"target":{"id":"1533b39b-d02c-3230-8fa4-db526e2767bd","displayName":"smtp","type":"connectorType"}},{"target":{"id":"7fd1f58b-5787-491f-a1bb-9a8dce6498af","displayName":"Employee Tag Breadshop","type":"dataset"}},{"target":{"id":"57244f00-9f00-4d04-8f46-66977f96d8ec","displayName":"Admin Admin","type":"user"}}]},{"identifier":{"id":"298e828a-d7b8-45cd-a84d-6c0e2033f953","displayName":"Employee Tag","type":"template"},"archiveType":"explicit","definition":"template-298e828","contents":[{"id":"5dccda4f-e1dc-4c40-bfc7-bd30fdcbb100","description":"copyright added","revision":12,"language":"c1873945-5c05-4ab4-ac7f-56e133766e33","definition":"template-5dccda4"}],"outboundDependencies":[{"target":{"id":"7fd1f58b-5787-491f-a1bb-9a8dce6498af","displayName":"Employee Tag Breadshop","type":"dataset"}},{"target":{"id":"c1873945-5c05-4ab4-ac7f-56e133766e33","displayName":"English","type":"language"}},{"target":{"id":"57244f00-9f00-4d04-8f46-66977f96d8ec","displayName":"Admin Admin","type":"user"}}]},{"identifier":{"id":"b942a9f0-08b3-407a-a7df-90cfcc91fd0e","displayName":"Employee Tag large","type":"template"},"archiveType":"explicit","definition":"template-b942a9f","contents":[{"id":"37763313-991c-4ee3-af57-b76a174765af","description":"Center alignment","revision":3,"language":"c1873945-5c05-4ab4-ac7f-56e133766e33","definition":"template-3776331"}],"outboundDependencies":[{"target":{"id":"d9533761-516d-45b5-a83f-04e10567b206","displayName":"Employee Tag Custom","type":"dataset"}},{"target":{"id":"7fd1f58b-5787-491f-a1bb-9a8dce6498af","displayName":"Employee Tag Breadshop","type":"dataset"}},{"target":{"id":"c1873945-5c05-4ab4-ac7f-56e133766e33","displayName":"English","type":"language"}},{"target":{"id":"57244f00-9f00-4d04-8f46-66977f96d8ec","displayName":"Admin Admin","type":"user"}}]},{"identifier":{"id":"c1873945-5c05-4ab4-ac7f-56e133766e33","displayName":"English","type":"language"},"archiveType":"explicit","definition":"language-c187394","outboundDependencies":[]},{"identifier":{"id":"c8089bb8-a89d-4899-bedd-8397b941022f","displayName":"DocuSign","type":"connector"},"archiveType":"explicit","definition":"connector-c8089bb","outboundDependencies":[]},{"identifier":{"id":"551fc9fc-69e7-4a11-8a37-dd043a0af309","displayName":"Filesystem","type":"connector"},"archiveType":"explicit","definition":"connector-551fc9f","outboundDependencies":[]},{"identifier":{"id":"d92ef1b7-69b8-47af-bfe1-b711a88e21ae","displayName":"Smtp","type":"connector"},"archiveType":"explicit","definition":"connector-d92ef1b","outboundDependencies":[]},{"identifier":{"id":"010abb5e-7f13-4d9d-ae03-0c92d25d6494","displayName":"Xpertdoc User01","type":"user"},"archiveType":"explicit","definition":"user-010abb5","outboundDependencies":[]},{"identifier":{"id":"683da9e1-ca8c-453f-8906-1411cf1d3756","displayName":"Microsoft Dynamics Service User","type":"user"},"archiveType":"explicit","definition":"user-683da9e","outboundDependencies":[]},{"identifier":{"id":"f4f4dbbe-008e-45c6-908c-3689e5271930","displayName":"Microsoft Dynamics Service User","type":"user"},"archiveType":"explicit","definition":"user-f4f4dbb","outboundDependencies":[]},{"identifier":{"id":"6c4bd8ba-1c7f-46d8-afd3-4b745067ef09","displayName":"Karen Berg","type":"user"},"archiveType":"explicit","definition":"user-6c4bd8b","outboundDependencies":[]},{"identifier":{"id":"44d0db70-a6d2-4888-a643-53990575840f","displayName":"William Contoso","type":"user"},"archiveType":"explicit","definition":"user-44d0db7","outboundDependencies":[]},{"identifier":{"id":"eaac5447-0973-46cf-9366-54cd3c3ec002","displayName":"Brecht Yperman","type":"user"},"archiveType":"explicit","definition":"user-eaac544","outboundDependencies":[]},{"identifier":{"id":"57244f00-9f00-4d04-8f46-66977f96d8ec","displayName":"Admin Admin","type":"user"},"archiveType":"explicit","definition":"user-57244f0","outboundDependencies":[]},{"identifier":{"id":"51b9d399-ca1a-4b09-82e0-6e37fcde9f15","displayName":"Jan Aelbrecht","type":"user"},"archiveType":"explicit","definition":"user-51b9d39","outboundDependencies":[]},{"identifier":{"id":"a582ff4c-5c5d-4389-acab-875a4b4fff79","displayName":"Sanjay Shah","type":"user"},"archiveType":"explicit","definition":"user-a582ff4","outboundDependencies":[]},{"identifier":{"id":"9645a8f0-2cc0-47b5-b8f0-959f7d03ffaf","displayName":"Franz C","type":"user"},"archiveType":"explicit","definition":"user-9645a8f","outboundDependencies":[]},{"identifier":{"id":"e484098b-dca2-45e5-aca2-9a3421c9ef0e","displayName":"Jan Aelbrecht","type":"user"},"archiveType":"explicit","definition":"user-e484098","outboundDependencies":[]},{"identifier":{"id":"9765c187-c81d-4fc5-91d8-a166ad23cbe7","displayName":"Julian Isla","type":"user"},"archiveType":"explicit","definition":"user-9765c18","outboundDependencies":[]},{"identifier":{"id":"07abbf7c-e4dc-40a6-9d60-c0f2ccb1f251","displayName":"MOD Administrator","type":"user"},"archiveType":"explicit","definition":"user-07abbf7","outboundDependencies":[]},{"identifier":{"id":"fa59f5b2-3730-4a86-b918-c3a89d608003","displayName":"Kelly Krout","type":"user"},"archiveType":"explicit","definition":"user-fa59f5b","outboundDependencies":[]},{"identifier":{"id":"b79cf6c2-7aa1-4eed-be4f-d558fe9298c6","displayName":"Steven Van Loon","type":"user"},"archiveType":"explicit","definition":"user-b79cf6c","outboundDependencies":[]},{"identifier":{"id":"603830bc-6e73-4aa8-a1e4-f5c6aab43b17","displayName":"System System","type":"user"},"archiveType":"explicit","definition":"user-603830b","outboundDependencies":[]}],"general":{"createdAt":"2019-09-20T10:01:02.057Z","createdBy":{"id":"57244f00-9f00-4d04-8f46-66977f96d8ec","displayName":"admin","type":"user"},"purpose":"backup","defaultConnectors":[]}}